{"cameraMode":{"drawMode":0,"name":"Shaded","section":"Shading Mode"},"sceneLighting":false,"audioPlay":false,"sceneViewState":{"showFog":true,"showMaterialUpdate":true,"showSkybox":false,"showFlares":true,"showImageEffects":true,"showParticleSystems":true},"in2DMode":false,"pivot":{"x":3.499999523162842,"y":-0.21688178181648255,"z":3.500000476837158},"rotation":{"x":0.6382441520690918,"y":-0.01616288162767887,"z":0.013405075296759606,"w":0.7695475220680237},"size":7.078908443450928,"orthographic":false}