{"cameraMode":{"drawMode":0,"name":"Shaded","section":"Shading Mode"},"sceneLighting":false,"audioPlay":false,"sceneViewState":{"showFog":true,"showMaterialUpdate":true,"showSkybox":false,"showFlares":true,"showImageEffects":true,"showParticleSystems":true},"in2DMode":false,"pivot":{"x":0.0,"y":0.45501017570495608,"z":1.4901161193847657e-8},"rotation":{"x":-0.016396641731262208,"y":0.11134651303291321,"z":-0.001837376388721168,"w":-0.9936452507972717},"size":0.8896202445030212,"orthographic":false}