{"cameraMode":{"drawMode":0,"name":"Shaded","section":"Shading Mode"},"sceneLighting":true,"audioPlay":false,"sceneViewState":{"showFog":true,"showMaterialUpdate":true,"showSkybox":true,"showFlares":true,"showImageEffects":true,"showParticleSystems":true},"in2DMode":false,"pivot":{"x":4.57524299621582,"y":3.685167074203491,"z":-0.14756011962890626},"rotation":{"x":-0.0089997798204422,"y":-0.006906630005687475,"z":0.00006241752271307632,"w":-0.9999365210533142},"size":12.508220672607422,"orthographic":false}